{"initial_reset_timestamp": 1568009709.279574, "timestamps": [1568009716.7128549], "episode_lengths": [2356], "episode_rewards": [-16.0], "episode_types": ["t"]}