{"initial_reset_timestamp": 1567690761.3057363, "timestamps": [1567690780.011662], "episode_lengths": [4745], "episode_rewards": [-1.0], "episode_types": ["t"]}