{"initial_reset_timestamp": 1568173469.4341524, "timestamps": [1568173482.109829], "episode_lengths": [3290], "episode_rewards": [-15.0], "episode_types": ["t"]}